{
  "-1003": "请求参数错误或请求参数不存在",
  "400000": "登录已失效，请重新登录",
  "400001": "操作失败！",
  "400002": "网络超时，请稍候重试！",
  "400003": "密码为8-20位字符，需包含数字、大小写字母",
  "400004": "会员注册暂未开放！",
  "400005": "推荐人不存在！",
  "400006": "参数错误",
  "400007": "ip限制中，请稍候登录",
  "400008": "用户名或密码不能为空",
  "400009": "用户不存在",
  "400011": "用户名或密码错误",
  "400012": "系统升级中，暂停登录",
  "400013": "账户出现安全隐患被冻结，请尽快联系客服",
  "400014": "系统升级中，暂停注册！",
  "400015": "当前IP注册频繁！",
  "400016": "手机号格式错误",
  "400017": "手机号已存在",
  "400018": "邮件格式错误",
  "400019": "手机号不存在",
  "400020": "短信验证码错误多次，请2小时后再试！",
  "400021": "非法请求！",
  "400022": "请填写真实手机号！",
  "400023": "获取短信验证码失败，请稍候重试",
  "400024": "请先滑动滑块",
  "400025": "用户请求过于频繁，请稍候重试！",
  "400026": "该邮件没有通过验证，不可用于找回密码！",
  "400027": "该密码找回链接已过期！",
  "400028": "登录密码不允许与资金密码一致！",
  "400029": "手机号码不存在，请确认您的账号",
  "400030": "未知错误",
  "400031": "找回密码失败，请稍后再试！",
  "400032": "手机号和邮箱不能同时为空",
  "400033": "验证码为空",
  "400034": "谷歌验证码错误",
  "400035": "手机验证码错误",
  "400036": "邮箱验证码错误",
  "400037": "验证码错误",
  "400038": "邮箱已存在！",
  "400039": "服务器异常！",
  "400040": "原密码错误！",
  "400041": "5分钟内只能发送一次邮件！",
  "400042": "邮箱为空！",
  "400043": "手機格式不對！",
  "400044": "请填写真实邮箱地址！",
  "400044": "已认证过",
  "400045": "身份证号和姓名不匹配",
  "400046": "未认证",
  "400047": "该身份证已认证过",
  "400048": "请先认证初级",
  "400049": "邀请码格式错误",
  "400050": "国家为空",
  "400051": "当前IP操作频繁,请稍后再试",
  "400052": "凭证已失效",
  "400053": "已高级认证",
  "400054": "24小时只能验证6次",
  "400055": "用户名错误",
  "400100": "请先完成实名认证",
  "400101": "请先绑定手机号",
  "400300": "银行卡用户名称不能为空",
  "400301": "银行卡用户名与验证姓名不匹配",
  "400302": "账号错误",
  "400303": "银行信息错误",
  "5000000": "委单数量需大于0",
  "5000001": "委单价格需大于0",
  "5000002": "委单交易对不存在",
  "5000003": "请先设置交易密码",
  "600102": "交易密码错误",
  "600104": "图片上传失败",
  "600102": "请先设置交易密码",
  "600000": "金额不能为空",
  "600001": "价格不能为空",
  "600002": "数量不能为空",
  "600003": "订单不存在",
  "600004": "有尚未完成订单",
  "600005": "交易类型错误",
  "600006": "交易币种错误",
  "600007": "交易OTC错误",
  "600008": "订单号错误",
  "600101": "订单状态错误",
  "600050": "最大最小限额错误",
  "600051": "支付信息错误,请先添加银行卡",
  "600052": "请先申请成为商家",
  "600053": "超出卖出限额",
  "600054": "超出买入限额",
  "600055": "广告ID错误",
  "600056": "无匹配广告",
  "600100": "图片不能为空",
  "600103": "图片格式错误",
  "600105": "没有申诉中的订单",
  "620000": "订单不存在",
  "600106": "图片格式错误",
  "600106": "尚未支付，不能申诉",
  "600107": "付款后买家需要20分钟后才能申诉",
  "600108": "付款后卖家需要5分钟后才能申诉",
  "600109": "有未结束申诉单，请完成后再申诉",
  "600109": "当前订单不能举证",
  "600109": "有未完成举证程序，请完成后再举证",
  "200000": "地址不足, 请联系官方客服",
  "200001": "地址格式错误",
  "200002": "当前币种不存在",
  "200003": "当前币种设置信息错误",
  "201000": "当前币种禁止提现",
  "202000": "当前币种禁止充值",
  "201001": "提币金额不足最小限额",
  "201002": "提币金额超出最大限额",
  "700100": "手机平台错误",
  "304": "无权操作",
  "500": "网络超时",
  "10001": "请先完成实名认证！",
  "10002": "请先绑定手机或谷歌验证器！",
  "10003": "请先设置交易密码",
  "10004": "手机验证码错误多次，请2小时后再试！",
  "10005": "手机验证码错误！您还有%d次机会！",
  "10006": "谷歌验证码错误多次，请2小时后再试！",
  "10007": "谷歌验证码错误！您还有%d次机会！",
  "10008": "交易密码错误多次，请2小时后再试！",
  "10009": "交易密码错误！您还有%d次机会！",
  "10010": "交易密码修改后24小时内暂停提现！",
  "10011": "账号异常被冻结，如有疑问请联系客服！",
  "10012": "账号资金操作已冻结，如有疑问请联系客服！",
  "10013": "账号虚拟币操作已冻结，如有疑问请联系客服！",
  "10014": "邮箱验证码错误多次，请2小时后再试！",
  "10015": "邮箱验证码错误！您还有%d次机会！",
  "10016": "邮箱验证码错误次数超限，请重新获取",
  "10017": "短信验证码错误次数超限，请重新获取",
  "10400": "参数错误",
  "400000": "登录已失效，请重新登录",
  "400001": "操作失败！",
  "400002": "网络超时，请稍候重试！",
  "400003": "密码格式错误，必须以字母开头且大于6位！",
  "400004": "会员注册暂未开放！",
  "400005": "推荐人不存在！",
  "400006": "参数错误",
  "400007": "登录次数过多，请一小时后重试",
  "400008": "用户名或密码不能为空",
  "400009": "用户不存在",
  "400011": "用户名或密码错误",
  "400012": "系统升级中，暂停登录",
  "400013": "账户出现安全隐患被冻结，请尽快联系客服",
  "400014": "系统升级中，暂停注册！",
  "400015": "当前IP注册频繁！",
  "400016": "手机号格式错误",
  "400017": "手机号已存在",
  "400018": "邮件格式错误",
  "400019": "手机号不存在",
  "400020": "短信验证码错误多次，请2小时后再试！",
  "400021": "非法请求！",
  "400022": "请填写真实手机号！",
  "400023": "获取短信验证码失败，请稍候重试",
  "400024": "请先滑动滑块",
  "400025": "用户请求过于频繁，请稍候重试！",
  "400026": "该邮件没有通过验证，不可用于找回密码！",
  "400027": "该密码找回链接已过期",
  "400028": "登录密码不允许与资金密码一致！",
  "400029": "手机号码不存在，请确认您的账号",
  "400030": "未知错误",
  "400031": "找回密码失败，请稍后再试！",
  "400032": "手机号和邮箱不能同时为空",
  "400033": "验证码为空",
  "400034": "谷歌验证码错误",
  "400035": "手机验证码错误",
  "400036": "邮箱验证码错误",
  "400037": "验证码错误",
  "400038": "邮箱已存在！",
  "400039": "服务器异常！",
  "400040": "原密码错误！",
  "400041": "5分钟内只能发送一次邮件！",
  "400042": "邮箱为空！",
  "400043": "手機格式不對！",
  "400044": "请填写真实邮箱地址！",
  "400045": "已认证过",
  "400046": "身份证号和姓名不匹配",
  "400047": "未认证",
  "400048": "该身份证已认证过",
  "400049": "请先认证初级",
  "400050": "请先设置交易密码",
  "400051": "修改登录密码后24小时内禁止提币和资金划转",
  "400052": "修改资金密码后24小时内禁止提币和资金划转",
  "400053": "修改手机号码后24小时内禁止提币和资金划转",
  "400054": "绑定手机号码后24小时内禁止提币和资金划转",
  "400055": "资金密码错误",
  "400100": "请先完成实名认证",
  "400101": "请先绑定手机号",
  "400102": "短信验证码发送太频繁，请稍后再试",
  "400103": "短信验证码发送次数超限，请稍后再试",
  "400104": "邮箱验证码发送太频繁，请稍后再试",
  "400105": "邮箱验证码发送次数超限，请稍后再试",
  "400106": "邮箱验证码错误次数超限，请重新获取",
  "400107": "短信验证码错误次数超限，请重新获取",
  "400300": "银行卡用户名称不能为空",
  "400301": "银行卡用户名与验证姓名不匹配",
  "400302": "卡号错误",
  "400303": "银行信息错误",
  "400400": "半小时不能重复购买理财",
  "-10000": "业务异常",
  "-10001": "参数不合法",
  "-10002": "未找到主体对象",
  "610001": "账户出现安全隐患被冻结，请联系客服",
  "610002": "请先设置交易密码",
  "610002": "请输入交易密码",
  "610003": "用户登录失效，请重新登录",
  "610004": "币种不存在或不能为空",
  "610005": "请先绑定手机号或谷歌验证",
  "610006": "IP 地址不能为空",
  "610007": "账户余额不足",
  "670001": "最多只能绑定3个账号",
  "670002": "银行卡号重复",
  "670003": "只能绑定银行卡",
  "670004": "绑定账号错误",
  "670005": "OTC 账户余额不足",
  "670012": "订单状态错误",
  "670013": "订单不存在",
  "670014": "当天取消订单过多，不能下单",
  "670015": "价格错误",
  "670016": "广告余量不足",
  "670017": "超出广告最大最小限额",
  "670018": "更新钱包错误",
  "670019": "创建订单失败",
  "670020": "当天取消订单次数超额，请明天再试",
  "670021": "不能和自己成交",
  "670022": "认证等级不足",
  "671001": "付款后买方需等待5分钟才能申诉",
  "671002": "付款后卖方需等待5分钟才能申诉",
  "671003": "请勿重复发起申诉",
  "671004": "申诉单当前状态不允许举证，仅当申诉单处于待举证或待运营处理时可以进行举证",
  "671004": "该申诉单已有被申诉方举证信息，不能重复举证",
  "680000": "钱包余额不足",
  "680902": "广告已失效",
  "680903": "广告发布失败",
  "680904": "广告ID错误",
  "680905": "修改广告失败",
  "680906": "OTC 资产异常，请联系客服",
  "660000": "充值地址不足，请联系客服",
  "660001": "地址不能为空",
  "660002": "添加提现地址失败",
  "660003": "提现错误",
  "660004": "操作类型错误",
  "660005": "操作类型错误",
  "660006": "操作类型错误",
  "660007": "操作类型错误",
  "660008": "操作类型错误",
  "660009": "超出最大限额",
  "660010": "超出最小限额",
  "660011": "超出日最大次数",
  "660012": "地址错误",
  "660013": "创建订单失败",
  "700100": "域名ID 错误",
  "700101": "域名错误",
  "700102": "请求平台和版本号不匹配",
  "304": "无权操作",
  "600": "参数错误",
  "500": "网络超时"
}
